{
  "A1_Jitter": {
    "OA": 87.12759844781853,
    "OA_std": 2.7936093025001902,
    "AA": 81.46608852207957,
    "Kappa": 0.8242297487065723
  },
  "A2_Geometric": {
    "OA": 85.59509472872246,
    "OA_std": 2.498675112633021,
    "AA": 75.60062808312777,
    "Kappa": 0.8035045247923073
  },
  "A3_PCA": {
    "OA": 79.72954890709737,
    "OA_std": 0.10562539027110447,
    "AA": 65.9200389987351,
    "Kappa": 0.7166606568548376
  },
  "A4_Mixup": {
    "OA": 86.61282832337639,
    "OA_std": 1.5387114197769534,
    "AA": 82.20887947657286,
    "Kappa": 0.8180889919135327
  },
  "A5_BandDrop": {
    "OA": 85.49434461262366,
    "OA_std": 2.028846338595292,
    "AA": 78.99586006278402,
    "Kappa": 0.8015020282670212
  },
  "A6_CutMix": {
    "OA": 84.06731367131849,
    "OA_std": 1.4969947796755119,
    "AA": 78.59732622836478,
    "Kappa": 0.7817541332755408
  },
  "A7_Smooth": {
    "OA": 89.46689020598676,
    "OA_std": 0.3442489605799008,
    "AA": 86.3011416470293,
    "Kappa": 0.8582660070890876
  },
  "A8_Crop": {
    "OA": 89.10954213794895,
    "OA_std": 1.0640514182645844,
    "AA": 86.17011876659058,
    "Kappa": 0.8532352680044969
  },
  "A9_Scale": {
    "OA": 85.3715554086283,
    "OA_std": 2.5091722754262333,
    "AA": 78.27333735101523,
    "Kappa": 0.7990815441832496
  },
  "A10_PCAJitter": {
    "OA": 83.30381669775751,
    "OA_std": 2.817946930815412,
    "AA": 75.03643831385627,
    "Kappa": 0.7716577088544551
  }
}