{
  "A1_Jitter": {
    "OA": 87.55318354855565,
    "OA_std": 2.224782979206225,
    "AA": 90.24623609816469,
    "Kappa": 0.8612499790938722
  },
  "A2_Geometric": {
    "OA": 87.18556393222364,
    "OA_std": 1.3646639353164285,
    "AA": 88.93075253149068,
    "Kappa": 0.8572654898167804
  },
  "A3_PCA": {
    "OA": 81.12948172476426,
    "OA_std": 2.1883229649502285,
    "AA": 78.82819950056161,
    "Kappa": 0.7891763206070649
  },
  "A4_Mixup": {
    "OA": 86.09141350053496,
    "OA_std": 2.5208634192885953,
    "AA": 88.61723012025327,
    "Kappa": 0.8448471572103008
  },
  "A5_BandDrop": {
    "OA": 88.78542459754671,
    "OA_std": 2.5467311780945057,
    "AA": 91.35705620372282,
    "Kappa": 0.875152942873846
  },
  "A6_CutMix": {
    "OA": 87.0169938543455,
    "OA_std": 2.5300834373775354,
    "AA": 89.32144303966315,
    "Kappa": 0.8551706551113107
  },
  "A7_Smooth": {
    "OA": 87.9985568908462,
    "OA_std": 2.475531249703728,
    "AA": 90.52250225396222,
    "Kappa": 0.8662476273411163
  },
  "A8_Crop": {
    "OA": 87.15881665049388,
    "OA_std": 2.739038458046165,
    "AA": 89.05166583172722,
    "Kappa": 0.8570993476470937
  },
  "A9_Scale": {
    "OA": 88.03774476872933,
    "OA_std": 2.1206890977955943,
    "AA": 90.12943106323625,
    "Kappa": 0.8666591286407944
  },
  "A10_PCAJitter": {
    "OA": 83.17720385160857,
    "OA_std": 4.9074838162749055,
    "AA": 84.69668123938617,
    "Kappa": 0.8107108459343494
  }
}