{
  "A1_Jitter": {
    "OA": 92.05058717253839,
    "OA_std": 0.8295496784039579,
    "AA": 83.27764771383187,
    "Kappa": 0.9092429882465383
  },
  "A2_Geometric": {
    "OA": 93.21409214092142,
    "OA_std": 0.9852380457786527,
    "AA": 86.12526645139697,
    "Kappa": 0.9225372994636606
  },
  "A3_PCA": {
    "OA": 85.8319783197832,
    "OA_std": 2.4052993069851527,
    "AA": 74.31206368819319,
    "Kappa": 0.8377974797753868
  },
  "A4_Mixup": {
    "OA": 91.353206865402,
    "OA_std": 0.9439543047879526,
    "AA": 81.49504411364023,
    "Kappa": 0.901218428931729
  },
  "A5_BandDrop": {
    "OA": 90.2981029810298,
    "OA_std": 1.9560514296479916,
    "AA": 81.64078483165264,
    "Kappa": 0.8891232042210394
  },
  "A6_CutMix": {
    "OA": 89.97651309846431,
    "OA_std": 0.42496666097167923,
    "AA": 82.7630372062389,
    "Kappa": 0.8856405972993636
  },
  "A7_Smooth": {
    "OA": 91.18337850045168,
    "OA_std": 0.8737931301522288,
    "AA": 82.0390809899713,
    "Kappa": 0.8992993104797259
  },
  "A8_Crop": {
    "OA": 91.3929539295393,
    "OA_std": 0.2578943577966423,
    "AA": 82.7982370585293,
    "Kappa": 0.901844178393263
  },
  "A9_Scale": {
    "OA": 92.49864498644986,
    "OA_std": 0.35403645785483956,
    "AA": 82.68056481183801,
    "Kappa": 0.9143376396226635
  },
  "A10_PCAJitter": {
    "OA": 84.33965672990063,
    "OA_std": 1.1362424001193459,
    "AA": 71.13687131137554,
    "Kappa": 0.8208436754273213
  }
}