{
  "IP": {
    "r": 0.890639863576215,
    "p": 0.0005473317396226142,
    "aifq": [
      0.7851944905782616,
      0.7141425552352406,
      0.30773939034431697,
      0.7054499952820942,
      0.7489110570818911,
      0.528756897302379,
      0.7646538270577349,
      0.9124782041087127,
      0.6783215199286845,
      0.19455
    ],
    "oa": [
      92.05058717253839,
      93.21409214092142,
      85.8319783197832,
      91.353206865402,
      90.2981029810298,
      89.97651309846431,
      91.18337850045168,
      91.3929539295393,
      92.49864498644986,
      84.33965672990063
    ]
  },
  "PU": {
    "r": 0.8488058736067323,
    "p": 0.0018969898238952287,
    "aifq": [
      0.7655641022141719,
      0.6415740653772213,
      0.30919098009833484,
      0.7054499948027467,
      0.6942934678138108,
      0.5722705046591484,
      0.7475093310424972,
      0.8923051260070789,
      0.6588515947137468,
      0.19455
    ],
    "oa": [
      87.12759844781853,
      85.59509472872246,
      79.72954890709737,
      86.61282832337639,
      85.49434461262366,
      84.06731367131849,
      89.46689020598676,
      89.10954213794895,
      85.3715554086283,
      83.30381669775751
    ]
  },
  "SA": {
    "r": 0.75275306629248,
    "p": 0.011980667365583592,
    "aifq": [
      0.7643255395045752,
      0.7200798352756265,
      0.30524099866508086,
      0.7054499968999866,
      0.7147834840680146,
      0.6789415297281871,
      0.7478758021658948,
      0.8926002347426093,
      0.45023526644333356,
      0.19487566223892688
    ],
    "oa": [
      87.55318354855565,
      87.18556393222364,
      81.12948172476426,
      86.09141350053496,
      88.78542459754671,
      87.0169938543455,
      87.9985568908462,
      87.15881665049388,
      88.03774476872933,
      83.17720385160857
    ]
  },
  "ANOVA_F": 26245.023369195394,
  "theta": 0.7097962752586674,
  "AIFQ_PL_OA": 91.13,
  "SPL_OA": 89.97
}