{
  "strategy_names": [
    "A1_Jitter",
    "A2_Geometric",
    "A3_PCA",
    "A4_Mixup",
    "A5_BandDrop",
    "A6_CutMix",
    "A7_Smooth",
    "A8_Crop",
    "A9_Scale",
    "A10_PCAJitter"
  ],
  "aifq_scores": [
    0.4124944905782617,
    0.4024425552352406,
    0.016489390344316922,
    0.49999999528209416,
    0.407861057081891,
    0.2670568973023789,
    0.4095538270577348,
    0.9124782037086411,
    0.35117151992868456,
    0.0
  ],
  "f_stat": 26245.023369195394,
  "p_val": 0.0,
  "theta_IP": 0.40515180615856583
}