{
  "A1_Jitter": {
    "SFS": 1.802762011583997e-111,
    "FDR": 13.370697306908344,
    "SC": 0.3593188226222992
  },
  "A2_Geometric": {
    "SFS": 0.0,
    "FDR": 14.305223217739584,
    "SC": 0.36439090967178345
  },
  "A3_PCA": {
    "SFS": 0.0,
    "FDR": 0.7077095674410693,
    "SC": -0.22227168083190918
  },
  "A4_Mixup": {
    "SFS": 0.0,
    "FDR": 19.074012602313864,
    "SC": 0.4111292362213135
  },
  "A5_BandDrop": {
    "SFS": 0.0,
    "FDR": 12.503017464418747,
    "SC": 0.34665432572364807
  },
  "A6_CutMix": {
    "SFS": 0.0,
    "FDR": 14.820174242760396,
    "SC": 0.3659244477748871
  },
  "A7_Smooth": {
    "SFS": 3.779513546484863e-215,
    "FDR": 13.406643926396342,
    "SC": 0.3612363040447235
  },
  "A8_Crop": {
    "SFS": 0.9999999998440618,
    "FDR": 13.397460058765533,
    "SC": 0.36114928126335144
  },
  "A9_Scale": {
    "SFS": 0.0,
    "FDR": 3.513898922880561,
    "SC": -0.006867093034088612
  },
  "A10_PCAJitter": {
    "SFS": 0.0,
    "FDR": 0.7276469386757463,
    "SC": -0.26991406083106995
  }
}