{
  "pearson_r": 0.890639863576215,
  "pearson_p": 0.0005473317396226142,
  "spearman_r": 0.5757575757575757,
  "spearman_p": 0.08155281477260236,
  "aifq_final": [
    0.7851944905782616,
    0.7141425552352406,
    0.30773939034431697,
    0.7054499952820942,
    0.7489110570818911,
    0.528756897302379,
    0.7646538270577349,
    0.9124782041087127,
    0.6783215199286845,
    0.19455
  ],
  "sfs_final": [
    0.7454,
    0.6234,
    0.5825,
    0.4109,
    0.6821,
    0.5234,
    0.7102,
    1.0,
    0.6543,
    0.3891
  ],
  "fdr": [
    2.2813369888743398,
    2.27826603341895,
    0.18922988792203313,
    2.8396987340693864,
    2.3315002533229783,
    1.2301498830032498,
    2.267101975064911,
    2.2819840459020764,
    1.897818777157446,
    0.1733758210114128
  ],
  "sc": [
    0.13111533224582672,
    0.10409875959157944,
    -0.315930038690567,
    0.19981378316879272,
    0.10250911861658096,
    0.05550830066204071,
    0.1273883432149887,
    0.1308673620223999,
    0.08053693175315857,
    -0.3568611741065979
  ],
  "strategies": [
    "A1_Jitter",
    "A2_Geometric",
    "A3_PCA",
    "A4_Mixup",
    "A5_BandDrop",
    "A6_CutMix",
    "A7_Smooth",
    "A8_Crop",
    "A9_Scale",
    "A10_PCAJitter"
  ],
  "oa_scores": [
    92.05058717253839,
    93.21409214092142,
    85.8319783197832,
    91.353206865402,
    90.2981029810298,
    89.97651309846431,
    91.18337850045168,
    91.3929539295393,
    92.49864498644986,
    84.33965672990063
  ],
  "theta": 0.7097962752586674,
  "f_stat": 26245.023369195394,
  "p_val": 0.0
}