{
  "A1_Jitter": {
    "SFS": 7.873195907389473e-81,
    "FDR": 4.814293153348899,
    "SC": 0.1286037713289261
  },
  "A2_Geometric": {
    "SFS": 0.0,
    "FDR": 4.078657460863575,
    "SC": 0.09229559451341629
  },
  "A3_PCA": {
    "SFS": 0.0,
    "FDR": 0.6236158264637506,
    "SC": -0.11346662044525146
  },
  "A4_Mixup": {
    "SFS": 0.0,
    "FDR": 5.2292295452395505,
    "SC": 0.3058958649635315
  },
  "A5_BandDrop": {
    "SFS": 0.0,
    "FDR": 4.3418996892122514,
    "SC": 0.10710334032773972
  },
  "A6_CutMix": {
    "SFS": 0.0,
    "FDR": 3.283893921564785,
    "SC": 0.15982665121555328
  },
  "A7_Smooth": {
    "SFS": 1.013792406816738e-05,
    "FDR": 4.808257968834257,
    "SC": 0.1284416764974594
  },
  "A8_Crop": {
    "SFS": 0.9999999985445673,
    "FDR": 4.806767060735853,
    "SC": 0.12841945886611938
  },
  "A9_Scale": {
    "SFS": 0.0,
    "FDR": 4.232294396799863,
    "SC": 0.0750712901353836
  },
  "A10_PCAJitter": {
    "SFS": 0.0,
    "FDR": 0.47402996262429,
    "SC": -0.1320892721414566
  }
}