{
  "A1_Jitter": {
    "SFS": 2.8270564822600324e-49,
    "FDR": 2.2813369888743398,
    "SC": 0.13111533224582672
  },
  "A2_Geometric": {
    "SFS": 0.0,
    "FDR": 2.27826603341895,
    "SC": 0.10409875959157944
  },
  "A3_PCA": {
    "SFS": 0.0,
    "FDR": 0.18922988792203313,
    "SC": -0.315930038690567
  },
  "A4_Mixup": {
    "SFS": 0.0,
    "FDR": 2.8396987340693864,
    "SC": 0.19981378316879272
  },
  "A5_BandDrop": {
    "SFS": 0.0,
    "FDR": 2.3315002533229783,
    "SC": 0.10250911861658096
  },
  "A6_CutMix": {
    "SFS": 0.0,
    "FDR": 1.2301498830032498,
    "SC": 0.05550830066204071
  },
  "A7_Smooth": {
    "SFS": 0.0,
    "FDR": 2.267101975064911,
    "SC": 0.1273883432149887
  },
  "A8_Crop": {
    "SFS": 0.9999999991998566,
    "FDR": 2.2819840459020764,
    "SC": 0.1308673620223999
  },
  "A9_Scale": {
    "SFS": 0.0,
    "FDR": 1.897818777157446,
    "SC": 0.08053693175315857
  },
  "A10_PCAJitter": {
    "SFS": 0.0,
    "FDR": 0.1733758210114128,
    "SC": -0.3568611741065979
  }
}